{"cameraMode":{"drawMode":0,"name":"Shaded","section":"Shading Mode"},"sceneLighting":true,"audioPlay":false,"sceneViewState":{"showFog":true,"showMaterialUpdate":false,"showSkybox":true,"showFlares":true,"showImageEffects":true,"showParticleSystems":true},"in2DMode":false,"pivot":{"x":-0.5652521848678589,"y":-1.178023099899292,"z":-1.5084435939788819},"rotation":{"x":-0.24665947258472444,"y":-0.27006402611732485,"z":0.07180054485797882,"w":-0.9279382228851318},"size":0.562005877494812,"orthographic":false}